date,path_1,path_1_count,path_1_uniques,path_2,path_2_count,path_2_uniques,path_3,path_3_count,path_3_uniques,path_4,path_4_count,path_4_uniques,path_5,path_5_count,path_5_uniques,path_6,path_6_count,path_6_uniques,path_7,path_7_count,path_7_uniques,path_8,path_8_count,path_8_uniques,path_9,path_9_count,path_9_uniques,path_10,path_10_count,path_10_uniques
2026-08-20,/bmarolleau/flight400-demo/blob/main/README.md,91,40,/bmarolleau/flight400-demo,62,37,/bmarolleau/flight400-demo/blob/main/Install-Flight400.sql,28,15,/bmarolleau/flight400-demo/blob/main/FLIGHT400-GUIDE.md,20,11,/bmarolleau/flight400-demo/tree/main,19,11,/bmarolleau/flight400-demo/blob/main/pics/flight400.png,12,7,/bmarolleau/flight400-demo/blob/main/SAMPLE-SKILL.md,11,10,/bmarolleau/flight400-demo/blob/main/pics/bob-lab-network.png,5,3,/bmarolleau/flight400-demo/pull/2,5,3,/bmarolleau/flight400-demo/pulls,4,3
2026-08-20,/bmarolleau/flight400-demo/blob/main/README.md,91,40,/bmarolleau/flight400-demo,62,37,/bmarolleau/flight400-demo/blob/main/Install-Flight400.sql,28,15,/bmarolleau/flight400-demo/blob/main/FLIGHT400-GUIDE.md,20,11,/bmarolleau/flight400-demo/tree/main,19,11,/bmarolleau/flight400-demo/blob/main/pics/flight400.png,12,7,/bmarolleau/flight400-demo/blob/main/SAMPLE-SKILL.md,11,10,/bmarolleau/flight400-demo/blob/main/pics/bob-lab-network.png,5,3,/bmarolleau/flight400-demo/pull/2,5,3,/bmarolleau/flight400-demo/pulls,4,3
2026-08-21,/bmarolleau/flight400-demo/blob/main/README.md,91,42,/bmarolleau/flight400-demo,64,36,/bmarolleau/flight400-demo/blob/main/Install-Flight400.sql,27,16,/bmarolleau/flight400-demo/blob/main/FLIGHT400-GUIDE.md,19,10,/bmarolleau/flight400-demo/tree/main,17,10,/bmarolleau/flight400-demo/blob/main/SAMPLE-SKILL.md,11,10,/bmarolleau/flight400-demo/blob/main/pics/flight400.png,11,6,/bmarolleau/flight400-demo/blob/main/instructor-setup/README.md,5,3,/bmarolleau/flight400-demo/pull/2,5,3,/bmarolleau/flight400-demo/pulls,4,3
2026-08-22,/bmarolleau/flight400-demo/blob/main/README.md,99,45,/bmarolleau/flight400-demo,58,34,/bmarolleau/flight400-demo/blob/main/Install-Flight400.sql,28,17,/bmarolleau/flight400-demo/blob/main/FLIGHT400-GUIDE.md,19,10,/bmarolleau/flight400-demo/tree/main,17,9,/bmarolleau/flight400-demo/blob/main/pics/flight400.png,11,6,/bmarolleau/flight400-demo/blob/main/instructor-setup/README.md,11,5,/bmarolleau/flight400-demo/blob/main/SAMPLE-SKILL.md,10,9,/bmarolleau/flight400-demo/pull/2,5,3,/bmarolleau/flight400-demo/blob/main/FLGHT400-architecture.drawio,4,4
2026-08-23,/bmarolleau/flight400-demo/blob/main/README.md,102,45,/bmarolleau/flight400-demo,61,35,/bmarolleau/flight400-demo/blob/main/Install-Flight400.sql,28,17,/bmarolleau/flight400-demo/blob/main/FLIGHT400-GUIDE.md,19,10,/bmarolleau/flight400-demo/tree/main,18,10,/bmarolleau/flight400-demo/blob/main/instructor-setup/README.md,16,6,/bmarolleau/flight400-demo/blob/main/pics/flight400.png,11,6,/bmarolleau/flight400-demo/blob/main/SAMPLE-SKILL.md,10,9,/bmarolleau/flight400-demo/blob/main/instructor-setup/setup_flight400_lab.sh,5,4,/bmarolleau/flight400-demo/pull/2,5,3
2026-08-24,/bmarolleau/flight400-demo/blob/main/README.md,98,44,/bmarolleau/flight400-demo,61,35,/bmarolleau/flight400-demo/blob/main/Install-Flight400.sql,24,16,/bmarolleau/flight400-demo/tree/main,17,9,/bmarolleau/flight400-demo/blob/main/instructor-setup/README.md,16,6,/bmarolleau/flight400-demo/blob/main/FLIGHT400-GUIDE.md,15,9,/bmarolleau/flight400-demo/blob/main/pics/flight400.png,11,6,/bmarolleau/flight400-demo/blob/main/SAMPLE-SKILL.md,9,8,/bmarolleau/flight400-demo/blob/main/instructor-setup/setup_flight400_lab.sh,5,4,/bmarolleau/flight400-demo/pull/2,5,3
2026-08-25,/bmarolleau/flight400-demo/blob/main/README.md,102,44,/bmarolleau/flight400-demo,63,37,/bmarolleau/flight400-demo/blob/main/instructor-setup/README.md,21,9,/bmarolleau/flight400-demo/blob/main/Install-Flight400.sql,18,14,/bmarolleau/flight400-demo/blob/main/pics/flight400.png,17,9,/bmarolleau/flight400-demo/tree/main,14,7,/bmarolleau/flight400-demo/blob/main/FLIGHT400-GUIDE.md,13,10,/bmarolleau/flight400-demo/blob/main/SAMPLE-SKILL.md,13,9,/bmarolleau/flight400-demo/blob/main/instructor-setup/setup_flight400_lab.sh,6,5,/bmarolleau/flight400-demo/pull/2,5,3
2026-08-27,/bmarolleau/flight400-demo/blob/main/README.md,109,45,/bmarolleau/flight400-demo,64,37,/bmarolleau/flight400-demo/blob/main/instructor-setup/README.md,33,15,/bmarolleau/flight400-demo/tree/main,21,14,/bmarolleau/flight400-demo/blob/main/pics/flight400.png,21,11,/bmarolleau/flight400-demo/blob/main/Install-Flight400.sql,19,14,/bmarolleau/flight400-demo/blob/main/SAMPLE-SKILL.md,15,10,/bmarolleau/flight400-demo/blob/main/FLIGHT400-GUIDE.md,12,9,/bmarolleau/flight400-demo/blob/main/instructor-setup/setup_flight400_lab.sh,11,8,/bmarolleau/flight400-demo/tree/main/instructor-setup,9,5
2026-08-28,/bmarolleau/flight400-demo/blob/main/README.md,125,51,/bmarolleau/flight400-demo,85,44,/bmarolleau/flight400-demo/blob/main/instructor-setup/README.md,40,18,/bmarolleau/flight400-demo/tree/main,27,17,/bmarolleau/flight400-demo/blob/main/pics/flight400.png,22,10,/bmarolleau/flight400-demo/blob/main/SAMPLE-SKILL.md,18,10,/bmarolleau/flight400-demo/tree/main/instructor-setup,17,8,/bmarolleau/flight400-demo/blob/main/Install-Flight400.sql,15,11,/bmarolleau/flight400-demo/blob/main/FLIGHT400-GUIDE.md,14,11,/bmarolleau/flight400-demo/blob/main/instructor-setup/setup_flight400_lab.sh,13,10
2026-08-29,/bmarolleau/flight400-demo/blob/main/README.md,125,51,/bmarolleau/flight400-demo,85,44,/bmarolleau/flight400-demo/blob/main/instructor-setup/README.md,40,18,/bmarolleau/flight400-demo/tree/main,27,17,/bmarolleau/flight400-demo/blob/main/pics/flight400.png,22,10,/bmarolleau/flight400-demo/blob/main/SAMPLE-SKILL.md,18,10,/bmarolleau/flight400-demo/tree/main/instructor-setup,17,8,/bmarolleau/flight400-demo/blob/main/Install-Flight400.sql,15,11,/bmarolleau/flight400-demo/blob/main/FLIGHT400-GUIDE.md,14,11,/bmarolleau/flight400-demo/blob/main/instructor-setup/setup_flight400_lab.sh,13,10
2026-08-30,/bmarolleau/flight400-demo/blob/main/README.md,125,51,/bmarolleau/flight400-demo,85,44,/bmarolleau/flight400-demo/blob/main/instructor-setup/README.md,40,18,/bmarolleau/flight400-demo/tree/main,27,17,/bmarolleau/flight400-demo/blob/main/pics/flight400.png,22,10,/bmarolleau/flight400-demo/blob/main/SAMPLE-SKILL.md,18,10,/bmarolleau/flight400-demo/tree/main/instructor-setup,17,8,/bmarolleau/flight400-demo/blob/main/Install-Flight400.sql,15,11,/bmarolleau/flight400-demo/blob/main/FLIGHT400-GUIDE.md,14,11,/bmarolleau/flight400-demo/blob/main/instructor-setup/setup_flight400_lab.sh,13,10
2026-08-31,/bmarolleau/flight400-demo/blob/main/README.md,120,52,/bmarolleau/flight400-demo,89,49,/bmarolleau/flight400-demo/blob/main/instructor-setup/README.md,45,20,/bmarolleau/flight400-demo/tree/main,28,18,/bmarolleau/flight400-demo/blob/main/pics/flight400.png,22,10,/bmarolleau/flight400-demo/tree/main/instructor-setup,20,8,/bmarolleau/flight400-demo/blob/main/FLIGHT400-GUIDE.md,19,12,/bmarolleau/flight400-demo/blob/main/SAMPLE-SKILL.md,19,10,/bmarolleau/flight400-demo/blob/main/instructor-setup/setup_flight400_lab.sh,14,11,/bmarolleau/flight400-demo/blob/main/Install-Flight400.sql,14,10
2026-09-01,/bmarolleau/flight400-demo/blob/main/README.md,120,52,/bmarolleau/flight400-demo,89,49,/bmarolleau/flight400-demo/blob/main/instructor-setup/README.md,45,20,/bmarolleau/flight400-demo/tree/main,28,18,/bmarolleau/flight400-demo/blob/main/pics/flight400.png,22,10,/bmarolleau/flight400-demo/tree/main/instructor-setup,20,8,/bmarolleau/flight400-demo/blob/main/FLIGHT400-GUIDE.md,19,12,/bmarolleau/flight400-demo/blob/main/SAMPLE-SKILL.md,19,10,/bmarolleau/flight400-demo/blob/main/instructor-setup/setup_flight400_lab.sh,14,11,/bmarolleau/flight400-demo/blob/main/Install-Flight400.sql,14,10
2026-09-02,/bmarolleau/flight400-demo/blob/main/README.md,115,52,/bmarolleau/flight400-demo,88,48,/bmarolleau/flight400-demo/blob/main/instructor-setup/README.md,49,22,/bmarolleau/flight400-demo/tree/main,27,18,/bmarolleau/flight400-demo/tree/main/instructor-setup,23,11,/bmarolleau/flight400-demo/blob/main/SAMPLE-SKILL.md,21,11,/bmarolleau/flight400-demo/blob/main/pics/flight400.png,21,11,/bmarolleau/flight400-demo/blob/main/instructor-setup/setup_flight400_lab.sh,15,12,/bmarolleau/flight400-demo/blob/main/FLIGHT400-GUIDE.md,15,9,/bmarolleau/flight400-demo/blob/main/Install-Flight400.sql,9,7
2026-09-03,/bmarolleau/flight400-demo/blob/main/README.md,119,57,/bmarolleau/flight400-demo,80,43,/bmarolleau/flight400-demo/blob/main/instructor-setup/README.md,61,26,/bmarolleau/flight400-demo/tree/main,31,22,/bmarolleau/flight400-demo/tree/main/instructor-setup,27,13,/bmarolleau/flight400-demo/blob/main/SAMPLE-SKILL.md,25,13,/bmarolleau/flight400-demo/blob/main/pics/flight400.png,22,11,/bmarolleau/flight400-demo/blob/main/FLIGHT400-GUIDE.md,20,13,/bmarolleau/flight400-demo/blob/main/instructor-setup/setup_flight400_lab.sh,18,14,/bmarolleau/flight400-demo/blob/main/instructor-setup/Install-Flight400.sql,11,8
2026-09-04,/bmarolleau/flight400-demo/blob/main/README.md,131,65,/bmarolleau/flight400-demo,85,49,/bmarolleau/flight400-demo/blob/main/instructor-setup/README.md,73,33,/bmarolleau/flight400-demo/tree/main,38,28,/bmarolleau/flight400-demo/tree/main/instructor-setup,37,16,/bmarolleau/flight400-demo/blob/main/SAMPLE-SKILL.md,27,13,/bmarolleau/flight400-demo/blob/main/instructor-setup/setup_flight400_lab.sh,23,18,/bmarolleau/flight400-demo/blob/main/FLIGHT400-GUIDE.md,19,12,/bmarolleau/flight400-demo/blob/main/pics/flight400.png,18,11,/bmarolleau/flight400-demo/blob/main/instructor-setup/Install-Flight400.sql,15,11
2026-09-05,/bmarolleau/flight400-demo/blob/main/README.md,140,68,/bmarolleau/flight400-demo,87,50,/bmarolleau/flight400-demo/blob/main/instructor-setup/README.md,80,38,/bmarolleau/flight400-demo/tree/main,51,34,/bmarolleau/flight400-demo/tree/main/instructor-setup,46,20,/bmarolleau/flight400-demo/blob/main/SAMPLE-SKILL.md,33,14,/bmarolleau/flight400-demo/blob/main/FLIGHT400-GUIDE.md,24,15,/bmarolleau/flight400-demo/blob/main/pics/flight400.png,24,13,/bmarolleau/flight400-demo/blob/main/instructor-setup/setup_flight400_lab.sh,23,18,/bmarolleau/flight400-demo/blob/main/instructor-setup/Install-Flight400.sql,20,14
2026-09-06,/bmarolleau/flight400-demo/blob/main/README.md,140,72,/bmarolleau/flight400-demo,89,51,/bmarolleau/flight400-demo/blob/main/instructor-setup/README.md,80,39,/bmarolleau/flight400-demo/tree/main,56,33,/bmarolleau/flight400-demo/tree/main/instructor-setup,51,23,/bmarolleau/flight400-demo/blob/main/SAMPLE-SKILL.md,33,14,/bmarolleau/flight400-demo/blob/main/FLIGHT400-GUIDE.md,25,16,/bmarolleau/flight400-demo/blob/main/instructor-setup/Install-Flight400.sql,24,17,/bmarolleau/flight400-demo/blob/main/pics/flight400.png,24,13,/bmarolleau/flight400-demo/blob/main/instructor-setup/setup_flight400_lab.sh,23,19
2026-09-07,/bmarolleau/flight400-demo/blob/main/README.md,137,71,/bmarolleau/flight400-demo,86,50,/bmarolleau/flight400-demo/blob/main/instructor-setup/README.md,75,38,/bmarolleau/flight400-demo/tree/main,58,33,/bmarolleau/flight400-demo/tree/main/instructor-setup,52,24,/bmarolleau/flight400-demo/blob/main/SAMPLE-SKILL.md,33,14,/bmarolleau/flight400-demo/blob/main/FLIGHT400-GUIDE.md,25,16,/bmarolleau/flight400-demo/blob/main/instructor-setup/Install-Flight400.sql,24,17,/bmarolleau/flight400-demo/blob/main/pics/flight400.png,24,13,/bmarolleau/flight400-demo/blob/main/instructor-setup/setup_flight400_lab.sh,22,18
2026-09-08,/bmarolleau/flight400-demo/blob/main/README.md,137,71,/bmarolleau/flight400-demo,86,50,/bmarolleau/flight400-demo/blob/main/instructor-setup/README.md,75,38,/bmarolleau/flight400-demo/tree/main,58,33,/bmarolleau/flight400-demo/tree/main/instructor-setup,52,24,/bmarolleau/flight400-demo/blob/main/SAMPLE-SKILL.md,33,14,/bmarolleau/flight400-demo/blob/main/FLIGHT400-GUIDE.md,25,16,/bmarolleau/flight400-demo/blob/main/instructor-setup/Install-Flight400.sql,24,17,/bmarolleau/flight400-demo/blob/main/pics/flight400.png,24,13,/bmarolleau/flight400-demo/blob/main/instructor-setup/setup_flight400_lab.sh,22,18
2026-09-09,/bmarolleau/flight400-demo/blob/main/README.md,132,71,/bmarolleau/flight400-demo,92,55,/bmarolleau/flight400-demo/blob/main/instructor-setup/README.md,78,41,/bmarolleau/flight400-demo/tree/main,68,36,/bmarolleau/flight400-demo/tree/main/instructor-setup,51,23,/bmarolleau/flight400-demo/blob/main/SAMPLE-SKILL.md,29,14,/bmarolleau/flight400-demo/blob/main/instructor-setup/Install-Flight400.sql,25,18,/bmarolleau/flight400-demo/blob/main/FLIGHT400-GUIDE.md,24,15,/bmarolleau/flight400-demo/blob/main/instructor-setup/setup_flight400_lab.sh,23,19,/bmarolleau/flight400-demo/blob/main/pics/flight400.png,19,12
2026-09-10,/bmarolleau/flight400-demo/blob/main/README.md,129,70,/bmarolleau/flight400-demo,96,60,/bmarolleau/flight400-demo/tree/main,80,43,/bmarolleau/flight400-demo/blob/main/instructor-setup/README.md,78,40,/bmarolleau/flight400-demo/tree/main/instructor-setup,51,26,/bmarolleau/flight400-demo/blob/main/SAMPLE-SKILL.md,30,14,/bmarolleau/flight400-demo/blob/main/FLIGHT400-GUIDE.md,26,17,/bmarolleau/flight400-demo/blob/main/instructor-setup/Install-Flight400.sql,25,18,/bmarolleau/flight400-demo/blob/main/pics/flight400.png,23,12,/bmarolleau/flight400-demo/blob/main/instructor-setup/setup_flight400_lab.sh,20,17
2026-09-11,/bmarolleau/flight400-demo/blob/main/README.md,141,73,/bmarolleau/flight400-demo,98,60,/bmarolleau/flight400-demo/tree/main,83,45,/bmarolleau/flight400-demo/blob/main/instructor-setup/README.md,81,40,/bmarolleau/flight400-demo/tree/main/instructor-setup,50,26,/bmarolleau/flight400-demo/blob/main/FLIGHT400-GUIDE.md,25,16,/bmarolleau/flight400-demo/blob/main/SAMPLE-SKILL.md,25,12,/bmarolleau/flight400-demo/blob/main/instructor-setup/Install-Flight400.sql,24,17,/bmarolleau/flight400-demo/blob/main/instructor-setup/setup_flight400_lab.sh,20,17,/bmarolleau/flight400-demo/blob/main/pics/flight400.png,20,10
2026-09-12,/bmarolleau/flight400-demo/blob/main/README.md,130,72,/bmarolleau/flight400-demo,85,58,/bmarolleau/flight400-demo/tree/main,81,44,/bmarolleau/flight400-demo/blob/main/instructor-setup/README.md,80,42,/bmarolleau/flight400-demo/tree/main/instructor-setup,44,25,/bmarolleau/flight400-demo/blob/main/FLIGHT400-GUIDE.md,24,15,/bmarolleau/flight400-demo/blob/main/SAMPLE-SKILL.md,24,11,/bmarolleau/flight400-demo/blob/main/instructor-setup/Install-Flight400.sql,23,16,/bmarolleau/flight400-demo/blob/main/instructor-setup/setup_flight400_lab.sh,19,16,/bmarolleau/flight400-demo/blob/main/pics/flight400.png,19,9
2026-09-13,/bmarolleau/flight400-demo/blob/main/README.md,121,69,/bmarolleau/flight400-demo,85,58,/bmarolleau/flight400-demo/tree/main,84,47,/bmarolleau/flight400-demo/blob/main/instructor-setup/README.md,82,43,/bmarolleau/flight400-demo/tree/main/instructor-setup,44,25,/bmarolleau/flight400-demo/blob/main/instructor-setup/Install-Flight400.sql,23,16,/bmarolleau/flight400-demo/blob/main/SAMPLE-SKILL.md,22,10,/bmarolleau/flight400-demo/blob/main/instructor-setup/setup_flight400_lab.sh,21,17,/bmarolleau/flight400-demo/blob/main/FLIGHT400-GUIDE.md,20,15,/bmarolleau/flight400-demo/blob/main/pics/flight400.png,19,9
2026-09-14,/bmarolleau/flight400-demo/blob/main/README.md,121,69,/bmarolleau/flight400-demo,84,58,/bmarolleau/flight400-demo/tree/main,84,47,/bmarolleau/flight400-demo/blob/main/instructor-setup/README.md,82,43,/bmarolleau/flight400-demo/tree/main/instructor-setup,44,25,/bmarolleau/flight400-demo/blob/main/instructor-setup/Install-Flight400.sql,23,16,/bmarolleau/flight400-demo/blob/main/SAMPLE-SKILL.md,22,10,/bmarolleau/flight400-demo/blob/main/instructor-setup/setup_flight400_lab.sh,21,17,/bmarolleau/flight400-demo/blob/main/FLIGHT400-GUIDE.md,20,15,/bmarolleau/flight400-demo/blob/main/pics/flight400.png,19,9
2026-09-15,/bmarolleau/flight400-demo/blob/main/README.md,123,70,/bmarolleau/flight400-demo,87,59,/bmarolleau/flight400-demo/blob/main/instructor-setup/README.md,86,44,/bmarolleau/flight400-demo/tree/main,84,47,/bmarolleau/flight400-demo/tree/main/instructor-setup,44,25,/bmarolleau/flight400-demo/blob/main/instructor-setup/Install-Flight400.sql,25,17,/bmarolleau/flight400-demo/blob/main/instructor-setup/setup_flight400_lab.sh,22,18,/bmarolleau/flight400-demo/blob/main/SAMPLE-SKILL.md,22,10,/bmarolleau/flight400-demo/blob/main/FLIGHT400-GUIDE.md,20,15,/bmarolleau/flight400-demo/blob/main/pics/flight400.png,19,9
2026-09-16,/bmarolleau/flight400-demo/blob/main/README.md,125,70,/bmarolleau/flight400-demo,94,60,/bmarolleau/flight400-demo/tree/main,93,51,/bmarolleau/flight400-demo/blob/main/instructor-setup/README.md,85,44,/bmarolleau/flight400-demo/tree/main/instructor-setup,46,25,/bmarolleau/flight400-demo/blob/main/instructor-setup/Install-Flight400.sql,25,18,/bmarolleau/flight400-demo/blob/main/SAMPLE-SKILL.md,25,13,/bmarolleau/flight400-demo/blob/main/instructor-setup/setup_flight400_lab.sh,23,20,/bmarolleau/flight400-demo/blob/main/FLIGHT400-GUIDE.md,23,18,/bmarolleau/flight400-demo/blob/main/pics/flight400.png,21,11
2026-09-17,/bmarolleau/flight400-demo/blob/main/README.md,134,77,/bmarolleau/flight400-demo,101,67,/bmarolleau/flight400-demo/tree/main,91,50,/bmarolleau/flight400-demo/blob/main/instructor-setup/README.md,78,42,/bmarolleau/flight400-demo/tree/main/instructor-setup,48,26,/bmarolleau/flight400-demo/blob/main/SAMPLE-SKILL.md,24,12,/bmarolleau/flight400-demo/blob/main/FLIGHT400-GUIDE.md,23,17,/bmarolleau/flight400-demo/blob/main/instructor-setup/setup_flight400_lab.sh,22,19,/bmarolleau/flight400-demo/blob/main/instructor-setup/Install-Flight400.sql,22,17,/bmarolleau/flight400-demo/blob/main/pics/flight400.png,19,9
